"Country","1999","2000","2001","2002","2003","2004","2005","2006","2007","2008","2009","2010","2011","2012","2013","2014","2015","2016","2017","2018","2019"
"World",45655.7153257364,47691.762565519,48665.4721004802,49819.3480483286,51403.2063270944,53705.506271527,55895.7455304418,58425.6738038693,61036.6746973682,62262.5197611689,61466.4009481193,64224.8715484832,66374.5190261649,68172.5473084399,70117.1503039927,72304.0601920822,74568.1394066393,76666.4782598453,79282.0250206063,81788.9332378518,83881.5457031116
"World Less USA",32810.1441180706,34314.4076066017,35163.5026818663,36041.3436174691,37193.6644198149,39003.1377231032,40702.9513854682,42828.8223136961,45179.1728098243,46454.0516315699,46055.4126205742,48397.9008942246,50315.4248869419,51770.0499905944,53409.7187544405,55138.2623294294,56839.9752403796,58536.3428002596,60659.2018813491,62527.1462923288,64103.4855176806
"North America",14203.0517374509,14797.1653226868,14949.1538058209,15227.3605099611,15673.4755010294,16270.2060118028,16859.3717511747,17357.0017892454,17747.3129227001,17738.911855185,17283.4430394592,17733.6853759382,18031.0364610003,18429.6201205798,18776.2613835366,19255.7157093325,19794.4295166016,20125.0549542146,20601.2549935053,21202.8448373687,21653.4564256653
"Canada",997.725524902344,1046.79138183594,1061.50427246094,1097.83044433594,1139.66979980469,1184.27685546875,1243.44165039062,1295.2412109375,1384.20617675781,1398.15380859375,1357.21032714844,1399.14123535156,1443.17041015625,1468.60241699219,1502.80798339844,1545.93908691406,1556.12951660156,1571.71252441406,1621.54736328125,1654.19934082031,1681.59362792969
"United States",13205.3262125486,13750.3739408509,13887.64953336,14129.5300656252,14533.8057012247,15085.929156334,15615.9301007841,16061.7605783079,16363.1067459423,16340.7580465912,15926.2327123107,16334.5441405866,16587.8660508441,16961.0177035876,17273.4534001381,17709.7766224184,18238.3,18553.3424298005,18979.707630224,19548.6454965484,19971.8627977356
"Latin America",3210.74007618427,3325.58469811082,3341.95781299472,3359.38553491235,3444.03410705924,3637.64110940695,3783.63646614552,3975.97793006897,4185.93029785156,4342.01281070709,4254.69409769773,4530.15478610992,4732.3859539032,4852.32576978207,4992.37505424023,5059.90244758129,5086.87722027302,5081.52817976475,5176.4091629982,5252.54494208097,5289.91261827946
"Mexico",834.641906738281,875.893676757812,872.351684570312,872.004089355469,884.616577148438,919.298767089844,940.514404296875,982.791320800781,1005.31140136719,1016.80798339844,963.062133789062,1012.35272216797,1049.43530273438,1087.6591796875,1102.38708496094,1133.3017578125,1170.56457519531,1204.63439941406,1230.14953613281,1256.42504882812,1254.595703125
"Other Caribbean Central America",346.726287722588,360.222268730402,372.378760546446,381.233368307352,389.901335090399,410.663249194622,426.279534697533,449.049634933472,469.198794603348,480.566789627075,476.502538621426,489.590404748917,504.229459762573,518.980378270149,532.199906945229,545.004897475243,562.42934858799,574.128257155418,585.7120013237,596.253589570522,608.981960892677
"Antigua and Barbuda",1.00692021846771,1.07430076599121,1.02107906341553,1.03153598308563,1.09402537345886,1.15678381919861,1.23096144199371,1.38764452934265,1.51613235473633,1.51567542552948,1.33216452598572,1.2312616109848,1.20714592933655,1.24786138534546,1.240363240242,1.28744411468506,1.33669257164001,1.41018116474152,1.45453894138336,1.56201779842377,1.63465785980225
"Bahamas",10.3105630874634,10.7383737564087,11.0203294754028,11.3183813095093,11.175235748291,11.2738952636719,11.656683921814,11.9500646591187,12.1229276657104,11.8411951065063,11.346794128418,11.5213966369629,11.5920104980469,11.9498414993286,11.5970706939697,11.6824884414673,11.7523002624512,11.8047456741333,11.8126153945923,11.9975719451904,12.2134389877319
"Barbados",4.22351694107056,4.4113450050354,4.30699634552002,4.34090948104858,4.43534517288208,4.49795436859131,4.67586898803711,4.95187187194824,5.06091642379761,5.09639501571655,4.83760976791382,4.72700023651123,4.69517374038696,4.67378234863281,4.60804271697998,4.60230302810669,4.71500015258789,4.83187055587769,4.85482692718506,4.82665348052979,4.82201290130615
"Belize",0.938923299312592,1.06113851070404,1.11081266403198,1.16348373889923,1.27207803726196,1.33297502994537,1.35886430740356,1.42441630363464,1.43162190914154,1.48161482810974,1.48486685752869,1.52943968772888,1.55877232551575,1.5964583158493,1.61724615097046,1.67603886127472,1.72379994392395,1.72526657581329,1.75746881961823,1.79419815540314,1.79898059368134
"Costa Rica",28.8680114746094,29.9745674133301,31.0208225250244,32.0419502258301,33.4054908752441,34.8541412353516,36.2033042907715,38.823600769043,41.9946708679199,43.9472541809082,43.5207252502441,45.6758117675781,47.6431159973145,49.9285202026367,51.0614128112793,52.8563919067383,54.775993347168,57.1017761230469,59.306022644043,60.8837814331055,62.152515411377
"Cuba",43.1325645446777,45.6837539672852,47.1387939453125,47.8104362487793,49.6237640380859,52.4873199462891,58.366771697998,65.4092254638672,70.1593322753906,73.0476684570312,74.1078186035156,75.8792572021484,78.005615234375,80.3574066162109,82.5653076171875,83.4302444458008,87.1330032348633,87.5806503295898,89.1650390625,91.1698989868164,91.5616226196289
"Dominica",0.418542206287384,0.428334027528763,0.428065031766891,0.415955573320389,0.442382842302322,0.455878615379333,0.458870232105255,0.480247914791107,0.510761678218842,0.547131776809692,0.540731608867645,0.544369578361511,0.543152689933777,0.537400722503662,0.532027006149292,0.555691301822662,0.54073703289032,0.554560959339142,0.516853988170624,0.528558492660522,0.558494329452515
"Dominican Republic",34.0709533691406,35.6592597961426,36.5363082885742,38.178653717041,37.6648788452148,38.6329154968262,42.275318145752,46.15380859375,49.5765533447266,51.1677169799805,51.6518402099609,55.9594268798828,57.7128715515137,59.2811393737793,62.171215057373,66.5545806884766,71.1648254394531,75.9038314819336,79.446044921875,84.9933853149414,89.3171463012695
"El Salvador",17.3508281707764,17.5462074279785,17.7001438140869,17.9799575805664,18.2608470916748,18.423511505127,18.9223232269287,19.7441005706787,20.1114540100098,20.6284885406494,20.1981544494629,20.6231803894043,21.41037940979,22.0131874084473,22.5049076080322,22.8900184631348,23.4382400512695,24.0351028442383,24.5758781433105,25.1733093261719,25.7730293273926
"Grenada",0.684029638767242,0.717464625835419,0.702943861484528,0.727106332778931,0.795919477939606,0.79076623916626,0.895725190639496,0.859961748123169,0.912621080875397,0.921268582344055,0.860342442989349,0.855943858623505,0.862491607666016,0.852528631687164,0.872575104236603,0.936657726764679,0.99700790643692,1.03425228595734,1.0802013874054,1.12493419647217,1.16010332107544
"Guatemala",35.7403984069824,37.0302238464355,37.8939819335938,39.3591995239258,40.355297088623,41.6273307800293,42.9844284057617,45.2968940734863,48.1524353027344,49.7323570251465,49.9939651489258,51.4285354614258,53.569019317627,55.1599426269531,57.1995277404785,59.7414627075195,62.1861877441406,63.8514060974121,65.7819137573242,67.8967361450195,70.5080490112305
"Haiti",7.09394788742065,7.15566921234131,7.08093738555908,7.06313180923462,7.08882713317871,6.83909606933594,6.96254205703735,7.11914491653442,7.35715818405151,7.41924810409546,7.64800214767456,7.40920114517212,7.81846618652344,8.04459476470947,8.38630104064941,8.6191291809082,8.7246561050415,8.85140037536621,8.95525169372559,9.08813762664795,9.00317478179932
"Honduras",10.970850944519,11.7707662582397,12.0913076400757,12.5452556610107,13.1156940460205,13.9331026077271,14.7761392593384,15.7465238571167,16.7209701538086,17.4285354614258,17.0047397613525,17.6392097473145,18.3157939910889,19.0719966888428,19.6044025421143,20.2039222717285,20.9797668457031,21.7965030670166,22.8520908355713,23.696870803833,24.3254909515381
"Jamaica",12.740852355957,12.8528070449829,13.0256681442261,13.2858276367188,13.7729291915894,13.9552450180054,14.0799760818481,14.4881715774536,14.6956357955933,14.5763463973999,13.944221496582,13.7397909164429,13.9775409698486,13.8917694091797,13.9614458084106,14.0579862594604,14.1876964569092,14.3828678131104,14.5271797180176,14.809136390686,14.9127998352051
"Nicaragua",7.03637075424194,7.32497358322144,7.54185438156128,7.59871578216553,7.79025936126709,8.20409107208252,8.55542278289795,8.91067218780518,9.362961769104,9.68470764160156,9.36581039428711,9.77873516082764,10.3965082168579,11.0719432830811,11.6174345016479,12.1734237670898,12.756706237793,13.3388643264771,13.9566383361816,13.4052228927612,12.8852996826172
"Panama",20.5196285247803,21.0768127441406,21.1978511810303,21.6703815460205,22.581729888916,24.280345916748,26.0264129638672,28.2783393859863,31.6672115325928,34.7882232666016,35.2206344604492,37.2732391357422,41.490234375,45.5475234985352,48.6917953491211,51.1588821411133,54.0917015075684,56.7711334228516,59.9497528076172,62.163158416748,64.0320281982422
"Puerto Rico",96.4237899780273,99.578742980957,105.865623474121,106.835838317871,106.892906188965,116.244621276855,113.934906005859,112.329093933105,111.022918701172,108.975509643555,106.847854614258,106.406295776367,106.02481842041,106.055862426758,105.730445861816,104.471870422363,103.375503540039,102.069862365723,99.1241760253906,94.5053863525391,95.6277923583984
"St. Kitts Nevis",0.60615462064743,0.669238269329071,0.706161797046661,0.723601877689362,0.698679268360138,0.727030992507935,0.797518312931061,0.804786384105682,0.809619963169098,0.859176695346832,0.824393570423126,0.81937962770462,0.834356665611267,0.815771758556366,0.859690129756927,0.913728952407837,0.923155546188354,0.949261426925659,0.930486917495728,0.957693576812744,0.981680989265442
"St. Lucia",1.46115350723267,1.46186590194702,1.41204452514648,1.41792488098145,1.47839403152466,1.58583498001099,1.57932817935944,1.67717158794403,1.70554292201996,1.7899557352066,1.73931968212128,1.76721596717834,1.86411964893341,1.86039423942566,1.80133831501007,1.83301782608032,1.80807983875275,1.8801656961441,1.94576179981232,1.99711942672729,2.03164649009705
"St. Vincent Grenadines",0.530086994171143,0.538776040077209,0.547985196113586,0.58262687921524,0.627429664134979,0.65350741147995,0.66976672410965,0.721260786056519,0.745369374752045,0.75717955827713,0.741285920143127,0.716427326202393,0.713423371315002,0.723283529281616,0.736541152000427,0.745483040809631,0.755400002002716,0.769733250141144,0.777433335781097,0.794250190258026,0.796970009803772
"Trinidad and Tobago",12.5982007980347,13.4676475524902,14.0290498733521,15.1424942016602,17.3292217254639,18.706901550293,19.8684024810791,22.4926338195801,23.5619792938232,24.361141204834,23.2912635803223,24.0652866363525,23.9944496154785,24.2991695404053,24.8408164978027,24.6141319274902,25.062894821167,23.4848213195801,22.9418258666992,22.8855686187744,22.8850269317627
"South America",2029.3718817234,2089.4687526226,2097.22736787796,2106.14807724953,2169.5161948204,2307.67909312248,2416.84252715111,2544.13697433472,2711.42010188103,2844.63803768158,2815.12942528725,3028.21165919304,3178.72119140625,3245.68621182442,3357.78806233406,3381.59579229355,3353.88329648972,3302.76552319527,3360.54762554169,3399.86630368233,3426.33495426178
"Argentina",398.792541503906,395.646087646484,378.202667236328,336.999420166016,366.780212402344,399.898895263672,435.296600341797,470.325561523438,512.690856933594,533.491943359375,501.917053222656,552.738159179688,585.92431640625,579.910217285156,593.858947753906,578.937561035156,594.749267578125,582.376525878906,597.917785644531,583.078735351562,570.466979980469
"Brazil",1136.54931640625,1186.42053222656,1202.91052246094,1239.64099121094,1253.78308105469,1326.00061035156,1368.4609375,1422.67919921875,1509.03393554688,1585.90710449219,1583.91186523438,1703.15234375,1770.8427734375,1804.86340332031,1859.0966796875,1868.46569824219,1802.21435546875,1743.17529296875,1766.23522949219,1789.50048828125,1809.83972167969
"Other South America",494.030023813248,507.402132749557,516.114178180695,529.507665872574,548.952901363373,581.779587507248,613.084989309311,651.132213592529,689.695309400558,725.238989830017,729.300506830215,772.321156263351,821.9541015625,860.912591218948,904.832434892654,934.192533016205,956.919673442841,977.21370434761,996.394610404968,1027.28708004951,1046.02825260162
"Bolivia",16.9106884002686,17.3347797393799,17.6266613006592,18.0647830963135,18.5545806884766,19.3289184570312,20.1835346221924,21.1517391204834,22.1171875,23.4770603179932,24.2651863098145,25.2665424346924,26.5814361572266,27.9430103302002,29.8420219421387,31.471565246582,33.0001983642578,34.4073028564453,35.850757598877,37.3649597167969,38.193229675293
"Chile",126.51392364502,133.25325012207,137.654663085938,141.931564331055,147.738037109375,158.389282226562,167.485305786133,178.065643310547,186.800338745117,193.393524169922,190.368377685547,201.493850708008,213.806976318359,225.178573608398,234.287063598633,238.426300048828,243.919082641602,248.0927734375,251.041519165039,260.955963134766,263.707580566406
"Colombia",152.549285888672,157.011138916016,159.645629882812,163.643127441406,170.055099487305,179.124176025391,187.773651123047,200.386169433594,213.888580322266,220.911499023438,223.429122924805,233.471481323242,249.692840576172,259.46240234375,272.783172607422,285.055786132812,293.481750488281,299.607818603516,303.680603027344,311.319122314453,321.661834716797
"Ecuador",52.8027229309082,53.379222869873,55.5227355957031,57.7973785400391,59.3711242675781,64.2461013793945,67.6455612182617,70.6243515014648,72.1710662841797,76.7590789794922,77.1939163208008,79.9152297973633,86.2030715942383,91.0666198730469,95.5712356567383,99.1923065185547,99.2903823852539,98.0727005004883,100.395446777344,101.689834594727,101.744453430176
"Guyana",2.05541944503784,2.02738738059998,2.07360219955444,2.09708833694458,2.08382987976074,2.11640763282776,2.07511734962463,2.18156290054321,2.33470058441162,2.38084936141968,2.46542096138,2.56745409965515,2.70086050033569,2.84336924552917,2.9860417842865,3.10244464874268,3.19722032546997,3.30474972724915,3.37414979934692,3.51249003410339,3.67743253707886
"Paraguay",21.2759761810303,20.783618927002,20.6102733612061,20.6058616638184,21.4961891174316,22.3683795928955,22.8456058502197,23.9438209533691,25.24196434021,26.847131729126,26.7778739929199,29.7619304656982,31.0265464782715,30.8594646453857,33.4570579528809,35.0833702087402,36.1640701293945,37.7237930297852,39.5941543579102,40.9213333129883,40.9090957641602
"Peru",85.1170806884766,87.4104461669922,87.950553894043,92.7469635009766,96.6098937988281,101.400009155273,107.773063659668,115.887184143066,125.758903503418,137.236373901367,138.740249633789,150.300720214844,159.810531616211,169.622451782227,179.549652099609,183.826797485352,189.805297851562,197.308898925781,202.278793334961,210.323287963867,214.845520019531
"Suriname",2.6717631816864,2.72786998748779,2.84244060516357,2.92202925682068,3.106116771698,3.37013673782349,3.52179288864136,3.72582960128784,3.91627478599548,4.07854223251343,4.20145702362061,4.41862297058105,4.67708444595337,4.80291414260864,4.94380521774292,4.95643663406372,4.78736782073975,4.52113342285156,4.6008095741272,4.72129487991333,4.6848578453064
"Uruguay",34.1331634521484,33.4744186401367,32.1876182556152,29.6988697052002,29.9380302429199,31.4361763000488,33.7813568115234,35.1659126281738,37.4662933349609,40.1549301147461,41.8589019775391,45.1253242492676,47.4547538757324,49.1337852478027,51.4123840332031,53.0775260925293,53.2743034362793,54.1745338439941,55.5783767700195,56.4787940979004,56.604248046875
"Venezuela",359.755004882812,373.018981933594,385.680114746094,351.525634765625,324.263793945312,383.560607910156,423.135955810547,464.909088134766,505.604858398438,532.289916992188,515.244384765625,507.573486328125,528.771911621094,558.520385742188,566.021850585938,543.978759765625,510.135833740234,423.206970214844,356.884490966797,286.858551025391,193.802612304688
"Europe",13851.4651203156,14380.6040101051,14708.3964562416,14897.928437233,15086.0970535278,15480.7455787659,15821.6321792603,16356.4976787567,16861.4236836433,16956.3243932724,16244.6425333023,16597.982213974,16897.6214456558,16859.9096021652,16931.2728996277,17235.3190946579,17635.816740036,17989.7898788452,18447.9603614807,18822.1555461884,19100.2350568771
"European Union 28",13000.2523241043,13497.0682120323,13808.8793783188,13990.4141979218,14173.0813436508,14535.4652085304,14846.3516759872,15346.7081189156,15811.8001561165,15887.5680027008,15198.2446117401,15530.3544082642,15814.2532186508,15760.5329647064,15813.7016839981,16093.9793930054,16475.5023641586,16809.9794454575,17244.0513486862,17589.7463951111,17853.1073637009
"Euro Zone",9194.86890506744,9548.49973249435,9762.33981990814,9850.40842628479,9914.99835109711,10137.0555520058,10304.2320699692,10638.5555119514,10952.7160954475,10998.6990528107,10489.9451541901,10714.1472473145,10900.5704221725,10799.9141864777,10769.549870491,10919.77734375,11152.244433403,11366.6433782578,11659.7759008408,11885.6982536316,12036.5054578781
"European Union 15",12209.8223724365,12674.3657417297,12960.9855308533,13112.0371742249,13258.9515380859,13568.1368408203,13830.7604217529,14264.5398750305,14660.4829368591,14691.0239143372,14043.6486320496,14358.1775932312,14604.564250946,14541.7371139526,14580.5243225098,14823.6727333069,15154.9663352966,15447.9715461731,15816.4372901917,16098.7429618835,16306.9923553467
"Belgium Luxembourg",387.976257324219,404.001010894775,408.993541717529,416.806537628174,421.374542236328,436.439666748047,446.938858032227,459.512699127197,478.593761444092,479.858753204346,468.993907928467,483.383388519287,491.997646331787,495.073600769043,498.983306884766,508.302722930908,519.894145965576,529.367694854736,539.384098052979,548.406002044678,556.673828125
"Austria",300.909393310547,311.067260742188,315.009002685547,320.211547851562,323.226257324219,332.066864013672,339.518676757812,351.245788574219,364.338195800781,369.659057617188,355.742950439453,362.278289794922,372.866943359375,375.404113769531,375.499847412109,377.98291015625,381.817565917969,389.769348144531,399.421722412109,409.086822509766,415.685211181641
"Belgium",352.494232177734,365.595336914062,369.615447998047,375.924407958984,379.826324462891,393.390655517578,402.524139404297,412.797973632812,427.976226806641,429.888916015625,421.202056884766,433.266479492188,440.608154296875,443.865264892578,445.903625488281,452.942321777344,462.149688720703,468.981658935547,477.910400390625,485.019958496094,491.831817626953
"Denmark",253.437057495117,262.932983398438,265.097320556641,266.333587646484,267.372436523438,274.506530761719,280.920776367188,291.913208007812,294.567413330078,293.059173583984,278.680084228516,283.894165039062,287.689208984375,288.3408203125,291.032012939453,295.744995117188,302.673065185547,312.497711181641,318.860687255859,326.485687255859,334.209838867188
"Finland",185.321838378906,196.021133422852,201.136795043945,204.570404052734,208.669387817383,217.00016784668,223.031951904297,232.014450073242,244.30891418457,246.224334716797,226.342681884766,233.553741455078,239.503601074219,236.156890869141,234.026702880859,233.172653198242,234.440078735352,240.794631958008,248.260177612305,252.307022094727,254.778579711914
"France",1968.44165039062,2045.6767578125,2086.25732421875,2109.94750976562,2127.31567382812,2187.51342773438,2223.896484375,2278.36694335938,2333.611328125,2339.56079101562,2272.337890625,2316.6357421875,2367.4326171875,2374.84594726562,2388.53271484375,2411.37133789062,2438.2080078125,2464.91748046875,2521.39916992188,2566.6044921875,2605.32397460938
"Germany",2750.9462890625,2830.59130859375,2878.64697265625,2872.93408203125,2852.43481445312,2886.37646484375,2907.2119140625,3018.11010742188,3108.17260742188,3138.08154296875,2959.30029296875,3082.96850585938,3203.94848632812,3217.390625,3231.16870117188,3303.08471679688,3360.55004882812,3435.490234375,3520.17602539062,3573.94506835938,3594.10815429688
"Greece",194.426116943359,202.047164916992,210.394973754883,218.648513793945,231.318145751953,243.025146484375,244.481216430664,258.300354003906,266.756439208984,265.862365722656,254.428329467773,240.48811340332,218.525543212891,202.57209777832,196.005874633789,197.45588684082,196.591354370117,196.215957641602,199.169219970703,203.021865844727,206.820159912109
"Ireland",145.274597167969,158.996856689453,167.389404296875,177.298553466797,182.652923583984,194.929672241211,206.040832519531,216.488952636719,228.015396118164,217.799438476562,206.736938476562,210.478851318359,211.201705932617,211.678421020508,214.539535522461,232.897033691406,291.499816894531,302.220642089844,326.83740234375,353.539611816406,373.160247802734
"Italy",1774.19982910156,1841.38793945312,1877.32043457031,1882.08776855469,1884.69677734375,1911.52722167969,1927.16052246094,1961.66918945312,1990.84045410156,1971.68835449219,1867.56469726562,1899.56164550781,1912.99792480469,1855.97314453125,1821.80358886719,1821.720703125,1835.89929199219,1859.64599609375,1890.662109375,1905.75207519531,1911.49304199219
"Luxembourg",35.4820251464844,38.4056739807129,39.3780937194824,40.8821296691895,41.5482177734375,43.0490112304688,44.4147186279297,46.7147254943848,50.6175346374512,49.9698371887207,47.7918510437012,50.1169090270996,51.3894920349121,51.2083358764648,53.0796813964844,55.3604011535645,57.744457244873,60.3860359191895,61.4736976623535,63.386043548584,64.8420104980469
"Netherlands",618.105041503906,644.038513183594,659.024963378906,660.456909179688,661.484802246094,674.614929199219,688.450500488281,712.277648925781,739.150817871094,755.192749023438,727.500732421875,737.269165039062,748.705627441406,740.991271972656,740.026672363281,750.560180664062,765.264953613281,782.037353515625,804.801696777344,825.706115722656,840.655517578125
"Portugal",186.214904785156,193.321182250977,197.078720092773,198.598052978516,196.750045776367,200.269378662109,201.835189819336,205.115081787109,210.256454467773,210.927703857422,204.342361450195,207.89306640625,204.366851806641,196.075103759766,194.266021728516,195.804977416992,199.313888549805,203.339019775391,210.468765258789,216.01936340332,220.694885253906
"Spain",922.348693847656,970.735107421875,1008.91357421875,1036.46728515625,1067.37365722656,1100.70544433594,1140.90368652344,1187.71179199219,1230.52514648438,1241.44165039062,1194.72338867188,1196.6708984375,1186.92553710938,1151.79907226562,1135.26623535156,1150.97729492188,1195.11926269531,1231.34692382812,1266.95458984375,1296.74072265625,1322.40466308594
"Sweden",348.199462890625,364.795837402344,370.083587646484,378.214019775391,386.950042724609,403.731506347656,415.273376464844,434.636657714844,449.584777832031,447.559112548828,428.136016845703,453.619110107422,468.113739013672,465.359832763672,470.887268066406,483.402496337891,505.103790283203,515.562438964844,528.801635742188,539.113464355469,545.555053710938
"United Kingdom",2174.02124023438,2248.75268554688,2315.63891601562,2369.46240234375,2447.33203125,2505.43041992188,2585.09643554688,2657.17700195312,2721.76123046875,2714.10888671875,2598.818359375,2649.48291015625,2690.28881835938,2730.076171875,2788.48583984375,2861.19482421875,2928.59106445312,2984.76611328125,3041.23999023438,3082.0146484375,3125.42919921875
"Recently Acceded Countries",790.429951667786,822.702470302582,847.893847465515,878.377023696899,914.12980556488,967.328367710114,1015.59125423431,1082.16824388504,1151.31721925735,1196.54408836365,1154.59597969055,1172.17681503296,1209.68896770477,1218.79585075378,1233.17736148834,1270.30665969849,1320.536028862,1362.00789928436,1427.61405849457,1491.00343322754,1546.11500835419
"Bulgaria",28.6070327758789,29.9750347137451,31.119255065918,32.9717903137207,34.6704483032227,36.9038696289062,39.5438041687012,42.2336387634277,45.0029296875,47.741641998291,46.1071739196777,46.3699035644531,47.4600486755371,47.6311836242676,47.7830009460449,48.6882705688477,50.6307029724121,52.5605125427246,54.4036026000977,56.0815124511719,57.9723663330078
"Croatia",37.7806434631348,39.0194358825684,40.3252983093262,42.3883476257324,44.7791748046875,46.6421699523926,48.6543312072754,51.0874443054199,53.777904510498,54.7242050170898,50.6968193054199,49.938175201416,49.7834739685059,48.6694946289062,48.4025192260742,48.3522148132324,49.5306434631348,51.2561416625977,52.8651428222656,54.2896919250488,55.883674621582
"Cyprus",14.6190099716187,15.4910793304443,16.1033706665039,16.7028923034668,17.141056060791,18.0026187896729,18.8762836456299,19.766077041626,20.7737636566162,21.5313415527344,21.0974292755127,21.5224800109863,21.6088809967041,20.8640613555908,19.4968242645264,19.1334590911865,19.7791500091553,21.1135711669922,22.0343818664551,22.9282379150391,23.6688404083252
"Czech Republic",120.659461975098,125.807685852051,129.467132568359,131.606567382812,136.348342895508,143.038360595703,152.383728027344,162.827392578125,171.950012207031,176.562210083008,168.082672119141,171.903900146484,174.960067749023,173.560668945312,172.72119140625,177.410781860352,186.829940795898,191.408279418945,199.739532470703,205.424224853516,210.695266723633
"Estonia",12.68616771698,13.9682989120483,14.8035478591919,15.8105421066284,17.0068778991699,18.1578102111816,19.8810405731201,21.813232421875,23.465274810791,22.2711391448975,19.0565528869629,19.5692386627197,21.0259590148926,21.6829872131348,21.9748802185059,22.6313419342041,23.048864364624,23.6554107666016,25.0153141021729,26.2063331604004,27.3422412872314
"Hungary",87.7564849853516,91.6872711181641,95.4226989746094,99.9469528198242,104.029312133789,109.046493530273,113.674018859863,118.256233215332,118.542625427246,119.797142028809,111.771270751953,112.51375579834,114.560478210449,112.874382019043,115.090087890625,119.918212890625,124.529739379883,127.269393920898,132.77099609375,139.534362792969,146.41032409668
"Latvia",14.9046955108643,15.7386417388916,16.7331771850586,17.9239044189453,19.4360332489014,21.0572624206543,23.3195247650146,26.0917720794678,28.7037811279297,27.7432498931885,23.7931251525879,22.7287521362305,24.1572799682617,25.1560001373291,25.7416324615479,26.2346324920654,27.0900192260742,27.5705451965332,28.6147270202637,29.8408203125,30.4965534210205
"Lithuania",21.675594329834,22.5061302185059,23.9745273590088,25.5953845977783,28.2927703857422,30.1459712982178,32.4754753112793,34.8807525634766,38.7479629516602,39.7662925720215,33.8752479553223,34.3773574829102,36.4488143920898,37.8460083007812,39.1927299499512,40.5675964355469,41.3923950195312,42.4503631591797,44.2534713745117,45.8664054870605,47.6691436767578
"Malta",6.20461559295654,6.62468004226685,6.66498184204102,6.86378574371338,7.03838443756104,7.06959390640259,7.337082862854,7.47125673294067,7.76909494400024,8.02908897399902,7.83139038085938,8.10883140563965,8.21903324127197,8.44868659973145,8.85750675201416,9.63613700866699,10.6823949813843,11.3051862716675,12.0367670059204,12.917163848877,13.4834642410278
"Poland",267.802337646484,280.012908935547,283.507415771484,289.295562744141,299.601623535156,314.988098144531,325.991333007812,346.135437011719,370.486846923828,386.231781005859,397.123962402344,411.450317382812,432.09375,439.041412353516,445.152404785156,459.924560546875,477.581390380859,492.214019775391,516.517883300781,544.146606445312,566.712463378906
"Romania",99.143440246582,101.583625793457,106.884391784668,112.980003356934,115.625038146973,127.682540893555,133.642944335938,144.372894287109,154.816558837891,169.226043701172,159.889190673828,153.65153503418,156.735565185547,159.9912109375,165.614181518555,171.262969970703,177.893447875977,186.43376159668,199.691879272461,208.551940917969,217.05989074707
"Slovakia",47.4457550048828,47.9992179870605,49.5610122680664,51.7959365844727,54.6442413330078,57.5288429260254,61.3392448425293,66.5488891601562,73.7574844360352,77.869384765625,73.6211929321289,77.8329467773438,80.0624313354492,81.5802612304688,82.1275405883789,84.3880462646484,88.4571685791016,90.3353958129883,93.0873107910156,96.7146911621094,99.0344543457031
"Slovenia",31.1447124481201,32.288459777832,33.3270378112793,34.4953536987305,35.5165023803711,37.0647354125977,38.4724426269531,40.6832237243652,43.5229797363281,45.0505676269531,41.6499519348145,42.2096214294434,42.573184967041,41.4494934082031,41.0228614807129,42.1584358215332,43.0901718139648,44.4353179931641,46.5830497741699,48.5014419555664,49.6863250732422
"Other Europe",851.212796211243,883.535798072815,899.517077922821,907.514239311218,913.015709877014,945.280370235443,975.28050327301,1009.78955984116,1049.62352752686,1068.75639057159,1046.39792156219,1067.62780570984,1083.368227005,1099.3766374588,1117.57121562958,1141.33970165253,1160.31437587738,1179.81043338776,1203.90901279449,1232.40915107727,1247.12769317627
"Other Western Europe",807.10711479187,836.839856147766,850.432971954346,855.846968650818,859.187386512756,887.472815513611,913.94108581543,945.210268974304,981.003387451172,996.137323379517,975.007871627808,995.184668540955,1009.54083538055,1025.81031227112,1042.16107559204,1065.84637260437,1083.02292060852,1100.02118873596,1122.36701202393,1147.61520385742,1159.38665962219
"Iceland",11.1071758270264,11.6504945755005,12.1047248840332,12.1871786117554,12.4636011123657,13.4659490585327,14.3183441162109,15.0698881149292,16.4812316894531,16.809534072876,15.670316696167,15.1319036483765,15.4166288375854,15.6164951324463,16.2620582580566,16.600736618042,17.3891010284424,18.541482925415,19.3843765258789,20.123779296875,20.5098896026611
"Norway",293.455505371094,302.860687255859,309.144409179688,313.615417480469,316.469635009766,329.031646728516,337.670227050781,345.773620605469,356.126953125,357.823455810547,351.643768310547,354.111724853516,357.587219238281,367.253082275391,371.050750732422,378.358734130859,385.801544189453,389.935638427734,398.994842529297,404.140106201172,408.806762695312
"Switzerland",502.54443359375,522.328674316406,529.183837890625,530.044372558594,530.254150390625,544.975219726562,561.952514648438,584.366760253906,608.395202636719,621.504333496094,607.693786621094,625.941040039062,636.536987304688,642.940734863281,654.848266601562,670.886901855469,679.832275390625,691.544067382812,703.98779296875,723.351318359375,730.070007324219
"Other Central Europe",44.1056814193726,46.6959419250488,49.0841059684753,51.6672706604004,53.8283233642578,57.8075547218323,61.3394174575806,64.5792908668518,68.6201400756836,72.6190671920776,71.3900499343872,72.4431371688843,73.8273916244507,73.5663251876831,75.4101400375366,75.4933290481567,77.2914552688599,79.7892446517944,81.5420007705688,84.7939472198486,87.7410335540771
"Albania",5.66410207748413,6.05775880813599,6.5599513053894,6.8577709197998,7.23700904846191,7.63576793670654,8.05801963806152,8.53344917297363,9.0437479019165,9.72202587127686,10.0477209091187,10.4201784133911,10.6854057312012,10.8368740081787,10.9454584121704,11.139684677124,11.3868465423584,11.7642984390259,12.2116003036499,12.7087707519531,12.9901504516602
"Bosnia and Herzegovina",9.47189235687256,9.99284648895264,10.4325313568115,10.9854555130005,11.4248743057251,12.121787071228,13.1835660934448,13.8977556228638,14.7115497589111,15.5099058151245,15.0441827774048,15.1596088409424,15.2972946166992,15.1902713775635,15.5474014282227,15.7258901596069,16.2115421295166,16.7214984893799,17.0757389068604,17.7103157043457,18.1677074432373
"Macedonia",6.36377573013306,6.65327310562134,6.44919967651367,6.54552936553955,6.69101047515869,7.00375413894653,7.33461761474609,7.71139860153198,8.21059513092041,8.65987873077393,8.62882328033447,8.91864395141602,9.12732982635498,9.08569240570068,9.35147285461426,9.69084930419922,10.0645151138306,10.3511734008789,10.4631500244141,10.7477626800537,11.1293716430664
"Serbia",22.6059112548828,23.9920635223389,25.6424236297607,27.2785148620605,28.4754295349121,31.0462455749512,32.7632141113281,34.4366874694824,36.6542472839355,38.7272567749023,37.6693229675293,37.9447059631348,38.7173614501953,38.4534873962402,39.5658073425293,38.9369049072266,39.6285514831543,40.9522743225098,41.7915115356445,43.6270980834961,45.4538040161133
"Former Soviet Union",926.510036706924,1012.1691608429,1072.55491733551,1127.7682595253,1213.05448436737,1308.36701726913,1398.43785619736,1521.74195623398,1657.02881908417,1745.27721977234,1635.90665960312,1717.03482151031,1799.36152982712,1870.80517292023,1918.22085809708,1941.3792181015,1913.86199951172,1926.34761619568,1971.93358945847,2031.0948433876,2075.4986743927
"Russia",709.483459472656,780.432250976562,820.234680175781,858.78564453125,921.476623535156,987.822448730469,1051.04272460938,1137.22888183594,1233.89306640625,1298.05517578125,1196.80688476562,1250.66333007812,1304.44226074219,1356.93408203125,1380.75402832031,1390.92004394531,1363.48107910156,1366.12194824219,1391.06457519531,1426.34655761719,1445.486328125
"Ukraine",63.4050216674805,67.1459197998047,73.3258285522461,77.1749496459961,84.5188522338867,94.7530517578125,97.5930786132812,104.85391998291,112.816024780273,115.415344238281,98.3816986083984,102.154029846191,107.737274169922,107.994415283203,107.96558380127,100.890998840332,91.0309600830078,93.065559387207,95.360595703125,98.6079025268555,101.796379089355
"Other Former Soviet Union",153.621555566788,164.590990066528,178.994408607483,191.807665348053,207.059008598328,225.791516780853,249.802052974701,279.659154415131,310.319727897644,331.806699752808,340.718076229095,364.217461585999,387.181994915009,405.876675605774,429.501245975494,449.568175315857,459.349960327148,467.160108566284,485.508418560028,506.140383243561,528.215967178345
"Armenia",3.73883366584778,3.95942497253418,4.33952951431274,4.91234731674194,5.60007619857788,6.18808460235596,7.04822778701782,7.9785943031311,9.0716609954834,9.69760608673096,8.33024311065674,8.51350879669189,8.9136438369751,9.55542659759521,9.87075519561768,10.2261018753052,10.5533380508423,10.5744438171387,11.367527961731,11.9586391448975,12.8674964904785
"Azerbaijan",10.9005880355835,12.1105527877808,13.309497833252,14.5657691955566,16.0526885986328,17.5381717681885,22.4421138763428,30.177059173584,37.8611068725586,41.8711433410645,45.7940864562988,47.9872741699219,47.2324333190918,48.2729377746582,51.0937271118164,52.5231170654297,53.0743713378906,51.4483833312988,51.527416229248,52.300537109375,53.4609298706055
"Belarus",24.6840934753418,26.1157703399658,27.3498210906982,28.7296924591064,30.7531795501709,34.2743377685547,37.4961280822754,41.2457427978516,44.7928733825684,49.3617477416992,49.4604721069336,53.3175315856934,56.1853256225586,57.1332473754883,57.7065620422363,58.7028007507324,56.4547348022461,55.0284385681152,56.4218559265137,58.1986961364746,58.9099349975586
"Georgia",6.27177476882935,6.38707113265991,6.69399881362915,7.06041765213013,7.84120988845825,8.29556846618652,9.09107780456543,9.94743633270264,11.1987199783325,11.4695692062378,11.0508708953857,11.7414932250977,12.6103639602661,13.4135189056396,13.8992643356323,14.51526927948,14.953950881958,15.388578414917,16.1337852478027,16.919490814209,17.7886142730713
"Kazakhstan",60.2726173400879,66.1793365478516,75.1135482788086,82.4746704101562,90.1448211669922,98.7987289428711,108.382194519043,119.979095458984,130.6572265625,134.96891784668,136.58854675293,146.559524536133,157.404922485352,164.960342407227,174.857971191406,182.202011108398,184.388427734375,186.416717529297,194.059799194336,202.016235351562,211.106964111328
"Kyrgyzstan",3.3370566368103,3.51870393753052,3.70595598220825,3.70531392097473,3.96580815315247,4.24447822570801,4.2370285987854,4.36849880218506,4.74169445037842,5.14007329940796,5.28843116760254,5.26349258422852,5.57700061798096,5.57208442687988,6.1803035736084,6.42900133132935,6.67817831039429,6.96773433685303,7.29800081253052,7.57225275039673,7.91354560852051
"Moldova",3.83202314376831,3.91279149055481,4.15147161483765,4.47528648376465,4.77065563201904,5.12368392944336,5.50795984268188,5.77234268188477,5.94551277160645,6.40926265716553,6.02470684051514,6.45246076583862,6.82787609100342,6.78760957717896,7.4014720916748,7.77151823043823,7.74523162841797,8.08670997619629,8.46604061126709,8.8302059173584,9.13540267944336
"Tajikistan",2.366614818573,2.56361937522888,2.80923557281494,3.11369729042053,3.4539783000946,3.81216859817505,4.06546020507812,4.35201263427734,4.68973445892334,5.06071805953979,5.2577223777771,5.60056161880493,6.01503896713257,6.46533536911011,6.94377565383911,7.40942287445068,7.85460233688354,8.39444637298584,9.03389263153076,9.69336700439453,10.3729953765869
"Turkmenistan",9.79813861846924,10.334005355835,10.7828989028931,10.8106298446655,11.1640110015869,11.7222576141357,13.2501392364502,14.7041177749634,16.3302917480469,18.7308444976807,19.8734245300293,21.7017803192139,24.8919410705566,27.6549472808838,30.4757518768311,33.6147537231445,35.7997131347656,38.0192985534668,40.490550994873,43.0009651184082,45.6883964538574
"Uzbekistan",28.4198150634766,29.5097141265869,30.7384510040283,31.9598407745361,33.3125801086426,35.7940368652344,38.2817230224609,41.1342544555664,45.0309066772461,49.0968170166016,53.0495719909668,57.079833984375,61.5234489440918,66.0612258911133,71.071662902832,76.1741790771484,81.847412109375,86.8353576660156,90.7095489501953,95.6499938964844,100.971687316895
"Asia and Oceania",10687.6515593231,11252.856693536,11637.6225970685,12145.5292704105,12774.5893785954,13546.4807453156,14365.7460654676,15317.5034963191,16471.0581674278,17185.3795445263,17718.7644537091,19069.4001413584,20101.6315192878,21156.4907228649,22285.0444162488,23399.4464842081,24558.0289923549,25772.3087759912,27147.3311666846,28463.6305418015,29673.7167543471
"Asia",9711.8553173542,10240.8895745277,10604.6876455545,11070.9361604452,11665.8032864928,12392.8293049932,13175.0770528913,14092.676235199,15199.851392746,15875.3069535494,16386.3361500502,17708.8197216988,18707.6161907911,19710.6132963896,20801.3104736805,21874.1147294044,22995.2139043808,24164.1106290817,25498.9666206837,26765.9354090691,27942.2894837856
"Asia Less Japan",5880.65249180794,6302.87465071678,6650.23577582836,7110.40124022961,7642.9736251235,8276.76070767641,8988.91784411669,9843.92709684372,10876.9524755478,11597.6935302019,12338.0270055532,13484.003484726,14477.7843569517,15412.8912380934,16411.8588192463,17468.3386473656,18548.6270189285,19694.8016719818,20928.8969624043,22177.694126606,23326.2367208004
"East Asia",7572.18382835388,7993.16951060295,8276.10039877892,8640.47756242752,9078.93816661835,9624.50695180893,10223.3236680031,10939.0824513435,11827.1146306992,12374.339802742,12727.7939009666,13770.8859696388,14573.7810525894,15338.9651002884,16187.5495243073,16994.1850786209,17817.6759662628,18659.4506196976,19658.9305591583,20596.8696699142,21493.1196269989
"East Asia Less Japan",3740.98100280762,4055.15458679199,4321.64852905273,4679.94264221191,5056.10850524902,5508.43835449219,6037.16445922852,6690.33331298828,7504.21571350098,8096.72637939453,8679.48475646973,9546.06973266602,10343.94921875,11041.2430419922,11798.097869873,12588.408996582,13371.0890808105,14190.1416625977,15088.8609008789,16008.6283874512,16877.0668640137
"China",2553.31079101562,2770.12548828125,3001.1513671875,3275.17578125,3603.85961914062,3968.25366210938,4420.46728515625,4982.72705078125,5691.83837890625,6241.34521484375,6828.02001953125,7554.2578125,8275.7587890625,8926.2021484375,9619.64453125,10333.857421875,11061.552734375,11819.12890625,12640.1083984375,13493.5205078125,14317.779296875
"Hong Kong",166.731887817383,179.509323120117,180.51611328125,183.506637573242,189.115127563477,205.568267822266,220.755920410156,236.280853271484,251.555709838867,256.908721923828,250.591110229492,267.55029296875,280.431976318359,285.200103759766,294.045715332031,302.168395996094,309.383636474609,316.095642089844,328.078857421875,337.467010498047,333.457000732422
"Japan",3814.5439453125,3920.57421875,3936.5048828125,3941.14965820312,4001.37890625,4089.59692382812,4157.59375,4216.6318359375,4286.38232421875,4239.50927734375,4009.8798828125,4177.96337890625,4173.1416015625,4235.53369140625,4320.25537109375,4336.4443359375,4389.4755859375,4412.38623046875,4508.0595703125,4522.63037109375,4552.21533203125
"Korea",732.4208984375,798.784301757812,837.544555664062,902.246032714844,930.642395019531,979.011474609375,1021.19262695312,1074.95153808594,1137.2939453125,1171.56030273438,1180.84741210938,1261.20190429688,1307.68566894531,1339.10314941406,1381.48193359375,1425.72326660156,1465.77319335938,1508.9677734375,1556.64587402344,1598.12915039062,1630.62170410156
"Taiwan",288.517425537109,306.735473632812,302.436492919922,319.014190673828,332.491363525391,355.604949951172,374.748626708984,396.373870849609,423.527679443359,426.912139892578,420.026214599609,463.059722900391,480.072784423828,490.737640380859,502.925689697266,526.659912109375,534.379516601562,545.949340820312,564.027770996094,579.51171875,595.208862304688
"Other East Asia",16.6588802337646,17.4407050609589,17.946986913681,19.3852620124817,21.4507551193237,26.4716734886169,28.5654587745667,32.1173024177551,36.5165929794312,38.1041460037231,38.4292616844177,46.8528580665588,56.6902322769165,62.1883668899536,69.1962833404541,69.3317461013794,57.1112995147705,56.9227266311646,62.0100879669189,65.6109113693237,63.8374309539795
"Macau",12.8427495956421,13.5808391571045,13.9731502532959,15.2233448028564,16.9973106384277,21.5450325012207,23.2814559936523,26.3811874389648,30.1926403045654,31.2173385620117,31.6298198699951,39.6206207275391,48.2074851989746,52.6605606079102,58.5585899353027,57.8552474975586,45.3616790771484,45.0358238220215,49.4887771606445,52.1822280883789,49.7239952087402
"Mongolia",3.81613063812256,3.85986590385437,3.97383666038513,4.16191720962524,4.453444480896,4.92664098739624,5.28400278091431,5.73611497879028,6.32395267486572,6.88680744171143,6.79944181442261,7.23223733901978,8.48274707794189,9.52780628204346,10.6376934051514,11.4764986038208,11.7496204376221,11.8869028091431,12.5213108062744,13.4286832809448,14.1134357452393
"Southeast Asia",1096.56860208511,1162.16788959503,1195.33208799362,1255.16296100616,1326.39013051987,1413.09521055222,1494.04796123505,1585.03175878525,1690.65029811859,1764.27485752106,1800.95620059967,1941.56062984467,2035.76194095612,2158.48667240143,2267.32986736298,2371.69604969025,2484.38961982727,2604.64812850952,2743.1110162735,2882.84789562225,3005.58692741394
"Cambodia",5.37317132949829,5.94874477386475,6.39172458648682,6.81223249435425,7.39167356491089,8.15601253509521,9.23669052124023,10.2315826416016,11.2764911651611,12.0310649871826,12.0414962768555,12.759539604187,13.661584854126,14.6607036590576,15.7392425537109,16.8634281158447,18.0499534606934,19.3190402984619,20.6383533477783,22.1798667907715,23.7444591522217
"Indonesia",376.488891601562,395.012390136719,409.404510498047,427.825592041016,448.277221679688,470.829467773438,497.631774902344,525.006286621094,558.317993164062,591.893615722656,619.291625976562,657.83544921875,698.422485351562,740.537719726562,781.691284179688,820.828002929688,860.854248046875,904.181579589844,950.021728515625,999.135009765625,1049.33874511719
"Malaysia",136.204925537109,148.271133422852,149.038696289062,157.073348999023,166.165542602539,177.437271118164,186.898483276367,197.336471557617,209.766265869141,219.901702880859,216.573425292969,232.653671264648,244.970153808594,258.378479003906,270.506042480469,286.754608154297,301.354766845703,314.764312744141,332.837554931641,348.619384765625,363.715362548828
"Myanmar",13.5502042770386,15.412805557251,17.1612339019775,19.2249622344971,21.8864631652832,24.8552894592285,28.2278900146484,31.9189987182617,35.7465438842773,39.4124603271484,43.5704803466797,47.7682495117188,50.4392051696777,54.1377410888672,58.699390411377,63.3900108337402,67.8227691650391,71.7226257324219,76.3164443969727,81.4681549072266,83.8209228515625
"Philippines",136.763092041016,142.796020507812,147.150207519531,152.618667602539,160.382247924805,170.918121337891,179.365753173828,188.901596069336,201.21662902832,209.958480834961,212.99934387207,228.621780395508,237.44255065918,253.81884765625,270.952972412109,288.153015136719,306.445861816406,328.355102539062,351.113342285156,373.379119873047,395.933380126953
"Thailand",212.009323120117,221.454864501953,229.082336425781,243.168640136719,260.650665283203,277.043884277344,288.645477294922,302.984832763672,319.452514648438,324.965301513672,322.721038818359,346.968353271484,349.883331298828,375.224670410156,385.308807373047,389.101898193359,401.295928955078,415.057281494141,431.934539794922,449.863098144531,460.533325195312
"Vietnam",71.613899230957,76.4745635986328,81.2105484008789,86.3437271118164,92.3006362915039,99.2567901611328,106.747940063477,114.196769714355,122.338432312012,129.264953613281,136.242538452148,144.993713378906,154.041778564453,162.124908447266,170.915130615234,181.142105102539,193.241104125977,205.242965698242,219.224609375,234.736465454102,251.208969116211
"Other Southeast Asia",144.565094947815,156.797367095947,155.892830371857,162.0957903862,169.335680007935,184.598373889923,197.29395198822,214.45522069931,232.53542804718,236.847277641296,237.516251564026,269.959873199463,286.900851249695,299.603602409363,313.516997337341,325.46298122406,335.324987411499,346.005220413208,361.024443626404,373.466795921326,377.291763305664
"Brunei",11.0344209671021,11.3488388061523,11.6602544784546,12.1117515563965,12.4634704589844,12.5263271331787,12.5748672485352,13.1278743743896,13.1481676101685,12.8931312561035,12.6656265258789,12.9948015213013,13.4814987182617,13.6045637130737,13.3153266906738,12.981330871582,12.9303951263428,12.6099901199341,12.7775278091431,12.7842016220093,13.2788372039795
"Laos",4.6968879699707,4.9692497253418,5.25505208969116,5.56608533859253,5.90377998352051,6.27912378311157,6.725417137146,7.30509901046753,7.86005401611328,8.47509670257568,9.11087894439697,9.88775539398193,10.6825971603394,11.5399932861328,12.4662275314331,13.4151525497437,14.3904418945312,15.4010591506958,16.4625835418701,17.4911575317383,18.3048267364502
"Singapore",128.833786010742,140.479278564453,138.977523803711,144.417953491211,150.96842956543,165.792922973633,177.993667602539,194.022247314453,211.527206420898,215.479049682617,215.73974609375,247.07731628418,262.736755371094,274.459045410156,287.735443115234,299.066497802734,308.004150390625,317.994171142578,331.784332275391,343.191436767578,345.708099365234
"South Asia",1043.10288691521,1085.55217432976,1133.25515878201,1175.29563701153,1260.47498935461,1355.22714263201,1457.70542365313,1568.56202507019,1682.08646392822,1736.69229328632,1857.58604848385,1996.37312221527,2098.0731972456,2213.16152369976,2346.43108201027,2508.23360109329,2693.14831829071,2900.01188087463,3096.92504525185,3286.21784353256,3443.58292937279
"Bangladesh",79.2679290771484,83.4638137817383,87.7015075683594,91.0632171630859,95.3792190551758,100.376647949219,106.937202453613,114.071952819824,122.123840332031,129.468109130859,135.999938964844,143.577575683594,152.858993530273,162.827590942383,172.619415283203,183.081970214844,195.078674316406,208.955612182617,224.176315307617,241.804885864258,261.518493652344
"India",770.923156738281,800.534240722656,839.151794433594,871.072875976562,939.542541503906,1013.98193359375,1094.32397460938,1182.53466796875,1273.12646484375,1312.42395019531,1415.60522460938,1535.8974609375,1616.39916992188,1704.595703125,1813.45300292969,1947.83410644531,2103.587890625,2277.26635742188,2437.6728515625,2586.8486328125,2716.80834960938
"Pakistan",140.502075195312,146.487579345703,151.694351196289,155.499359130859,164.482604980469,176.895889282227,188.427337646484,199.542633056641,209.186157226562,212.745269775391,218.769485473633,222.284439086914,228.39372253418,236.403549194336,246.796936035156,258.333953857422,270.556121826172,285.509033203125,301.367004394531,318.9560546875,322.109985351562
"Other South Asia",52.4097259044647,55.06654047966,54.7075055837631,57.6601847410202,61.0706238150597,63.9726718068123,68.0169089436531,72.4127712249756,77.6500015258789,82.054964184761,87.211399435997,94.6136465072632,100.42131125927,109.334680438042,113.561727762222,118.983570575714,123.925631523132,128.280878067017,133.708873987198,138.608270168304,143.146100759506
"Afghanistan",6.61183643341064,6.49282360076904,6.07078981399536,7.52078914642334,8.18504619598389,8.3007926940918,9.23294734954834,9.72759342193604,11.0725622177124,11.5071573257446,13.9686002731323,15.9748315811157,16.0429420471191,18.0887832641602,19.1018905639648,19.6223297119141,19.907112121582,20.3570747375488,20.8996486663818,21.2842216491699,21.9017276763916
"Bhutan",0.612629652023315,0.655103445053101,0.709797739982605,0.78782069683075,0.849454343318939,0.900495827198029,0.966117203235626,1.03374290466309,1.22354698181152,1.28227055072784,1.36880242824554,1.53231811523438,1.65463721752167,1.73932826519012,1.77620148658752,1.87880373001099,2.0035982131958,2.16643142700195,2.26721024513245,2.335853099823,2.45965170860291
"Nepal",11.1125364303589,11.801513671875,12.3679733276367,12.3828325271606,12.8713397979736,13.4740543365479,13.9428405761719,14.4119634628296,14.9036359786987,15.8134489059448,16.5302848815918,17.326452255249,17.9193344116211,18.7760925292969,19.5513343811035,20.7222595214844,21.4108409881592,21.5368824005127,23.3079681396484,24.8698329925537,26.6085357666016
"Sri Lanka",34.0727233886719,36.1170997619629,35.5589447021484,36.9687423706055,39.1647834777832,41.2973289489746,43.8750038146973,47.2394714355469,50.4502563476562,53.4520874023438,55.3437118530273,59.7800445556641,64.8043975830078,70.7304763793945,73.1323013305664,76.7601776123047,80.6040802001953,84.2204895019531,87.2340469360352,90.1183624267578,92.1761856079102
"Oceania",975.79624196887,1011.9671190083,1032.93495151401,1074.59310996532,1108.78609210253,1153.6514403224,1190.66901257634,1224.82726112008,1271.20677468181,1310.07259097695,1332.42830365896,1360.58041965961,1394.01532849669,1445.87742647529,1483.7339425683,1525.33175480366,1562.81508797407,1608.19814690948,1648.36454600096,1697.69513273239,1731.42727056146
"Australia",841.860778808594,874.971984863281,891.86669921875,927.553649902344,955.249816894531,993.990417480469,1025.83959960938,1054.50744628906,1095.04602050781,1135.10180664062,1157.087890625,1181.01013183594,1210.09606933594,1257.50952148438,1290.01452636719,1322.69213867188,1351.69396972656,1389.14489746094,1422.03430175781,1463.84692382812,1491.61364746094
"New Zealand",115.498184204102,118.853492736816,122.97078704834,128.718948364258,134.57551574707,139.99609375,144.644546508789,148.761840820312,153.329162597656,151.749786376953,151.528289794922,153.886047363281,157.515884399414,161.043563842773,165.277069091797,171.269348144531,177.467529296875,183.994064331055,189.813980102539,196.955261230469,201.231109619141
"Other Oceania",18.4372789561749,18.141641408205,18.0974652469158,18.3205116987228,18.9607594609261,19.6649290919304,20.1848664581776,21.5579740107059,22.8315915763378,23.2209979593754,23.8121232390404,25.6842404603958,26.403374761343,27.324341148138,28.4423471093178,31.3702679872513,33.653588950634,35.0591851174831,36.5162641406059,36.8929476737976,38.5825134813786
"Fiji",3.38313317298889,3.32562017440796,3.39213252067566,3.50068068504333,3.53568744659424,3.72307896614075,3.74914050102234,3.81859278678894,3.78610944747925,3.8252124786377,3.77219343185425,3.88364934921265,3.98870778083801,4.04500102996826,4.23650026321411,4.47389316558838,4.68254709243774,4.80006885528564,5.06050777435303,5.23895215988159,5.29465579986572
"Maldives",1.87837767601013,1.95061659812927,1.87369132041931,2.00987863540649,2.2862377166748,2.42418384552002,2.10591149330139,2.65579628944397,2.86066102981567,3.13200426101685,2.90559649467468,3.11669206619263,3.38369035720825,3.46887111663818,3.72144198417664,3.99420976638794,4.10942459106445,4.36989259719849,4.66720533370972,4.98872041702271,5.24893188476562
"Papua New Guinea",10.9985427856445,10.7241468429565,10.7111387252808,10.6941194534302,10.9255514144897,11.2228546142578,11.9349212646484,12.5805940628052,13.5637912750244,13.5235805511475,14.4432401657104,15.90611743927,16.0822849273682,16.8312568664551,17.4750423431396,19.8418235778809,21.7235317230225,22.6093673706055,23.4091815948486,23.2325592041016,24.5391120910645
"Samoa",0.533447682857513,0.570355832576752,0.609937131404877,0.636432826519012,0.665170848369598,0.695935010910034,0.72486138343811,0.739132583141327,0.785865306854248,0.79379540681839,0.755627512931824,0.759248197078705,0.790934562683105,0.758595407009125,0.755418121814728,0.756009161472321,0.788307309150696,0.851798892021179,0.860449433326721,0.841794073581696,0.871028482913971
"Solomon Islands",0.79957515001297,0.685495853424072,0.630803167819977,0.61314058303833,0.652994751930237,0.684980928897858,0.722115039825439,0.772277891635895,0.828808605670929,0.88770592212677,0.845643401145935,0.903223633766174,1.02240967750549,1.0689845085144,1.10124480724335,1.12602376937866,1.15465009212494,1.19184076786041,1.23586285114288,1.28350174427032,1.31807911396027
"Tonga",0.344425320625305,0.35603192448616,0.368855446577072,0.381466150283813,0.389509677886963,0.388140857219696,0.394281893968582,0.39107945561409,0.374787956476212,0.386404603719711,0.395255625247955,0.409428119659424,0.420831292867661,0.424578040838242,0.411328673362732,0.419853866100311,0.435438215732574,0.450153738260269,0.462307870388031,0.46369481086731,0.442423671483994
"Vanuatu",0.499777168035507,0.529374182224274,0.510906934738159,0.484793365001678,0.505607604980469,0.525754868984222,0.553634881973267,0.60050094127655,0.63156795501709,0.672294735908508,0.694566607475281,0.705881655216217,0.714516162872314,0.727054178714752,0.741370916366577,0.75845468044281,0.759689927101135,0.786062896251678,0.820749282836914,0.843725264072418,0.868282437324524
"Other Asia Oceania",232.070980042219,247.446254044771,246.644788116217,257.461748838425,270.817818403244,294.707648277283,314.061186164618,340.543268352747,369.533614128828,380.227385789156,386.969035923481,437.110618233681,470.415769547224,498.450990885496,524.717355549335,545.148565888405,550.015507400036,566.268010228872,593.259669721127,614.578925132751,622.857808500528
"Middle East",1659.4020652771,1762.87382888794,1749.18492126465,1789.97280693054,1881.53808784485,2053.51783561707,2174.67830276489,2315.2720375061,2431.88807106018,2521.57068634033,2494.93633842468,2645.3848400116,2836.47592353821,2920.48819923401,3044.54492759705,3158.03658676147,3252.20324707031,3400.58555603027,3490.68885326385,3493.95592689514,3494.89726829529
"Iran",241.227294921875,255.358551025391,257.346893310547,276.044525146484,300.155883789062,313.286254882812,323.279449462891,339.442749023438,367.126953125,368.047912597656,371.755584716797,393.309722900391,403.715576171875,373.660766601562,372.935577392578,390.103332519531,384.951477050781,436.5205078125,452.912689208984,392.430633544922,366.19140625
"Iraq",94.3579864501953,95.6851119995117,97.8909530639648,91.1362991333008,60.9694213867188,93.9891052246094,98.1251983642578,108.092956542969,109.582046508789,118.598571777344,122.606369018555,130.456329345703,140.301177978516,159.854156494141,172.003067016602,173.207092285156,177.498580932617,204.50048828125,199.398941040039,198.275085449219,207.001007080078
"Saudi Arabia",346.088226318359,365.557098388672,361.131164550781,350.950225830078,390.404296875,421.474365234375,444.966766357422,457.374206542969,465.822509765625,494.935333251953,484.743286132812,509.171875,560.073120117188,590.381164550781,606.317016601562,628.462646484375,654.269897460938,665.200256347656,660.267822265625,676.339477539062,678.581115722656
"Turkey",386.091369628906,411.728088378906,387.179595947266,412.076324462891,435.186614990234,477.157379150391,520.148559570312,557.129638671875,585.15576171875,590.101806640625,562.340637207031,610.068664550781,677.868591308594,710.338073730469,770.655090332031,810.472412109375,859.796875,887.171325683594,953.450744628906,980.402648925781,989.005065917969
"Other Middle East",591.637187957764,634.544979095459,645.63631439209,659.765432357788,694.821870803833,747.610731124878,788.15832901001,853.232486724854,904.200799942017,949.887062072754,953.490461349487,1002.37824821472,1054.51745796204,1086.25403785706,1122.63417625427,1155.79110336304,1175.68641662598,1207.19297790527,1224.6586561203,1246.50808143616,1254.11867332458
"Bahrain",14.6519241333008,15.4284858703613,15.812801361084,16.3423004150391,17.3712844848633,18.5839672088623,19.8419151306152,21.1250915527344,22.8772010803223,24.3058834075928,24.9232234954834,26.0034732818604,26.5192546844482,27.5079231262207,28.9979820251465,30.2595062255859,31.1258506774902,32.2070121765137,33.4346466064453,34.0890274047852,34.709300994873
"Israel",175.642395019531,188.736862182617,188.96110534668,188.933029174805,190.766540527344,198.751815795898,206.5263671875,218.01838684082,230.605651855469,237.515716552734,239.710983276367,253.137512207031,265.246337890625,271.233612060547,282.484527587891,293.100830078125,299.813110351562,311.751800537109,322.777526855469,333.925323486328,345.659759521484
"Jordan",17.3249855041504,18.060474395752,19.0120124816895,20.1117572784424,20.9486198425293,22.7433490753174,24.5961532592773,26.5868034362793,28.7604656219482,30.840539932251,32.5295486450195,33.2814331054688,34.1423530578613,35.0475234985352,36.0389366149902,37.1548194885254,38.0434494018555,38.8057403564453,39.626766204834,40.3956413269043,41.2035522460938
"Kuwait",58.5079345703125,61.254638671875,61.3853149414062,63.2356414794922,74.1918640136719,81.7893295288086,90.4664001464844,97.2647399902344,103.092430114746,105.648872375488,98.173095703125,95.8461380004883,105.074592590332,112.036643981934,113.324279785156,113.891891479492,114.56729888916,117.919387817383,112.362899780273,113.763244628906,114.232345581055
"Lebanon",25.5415019989014,25.8842353820801,26.8781051635742,27.7981815338135,28.695255279541,30.6119403839111,31.4341087341309,31.9211845397949,34.8932456970215,38.0577621459961,41.9518890380859,45.297607421875,45.6904945373535,46.8512802124023,48.6367950439453,49.8339195251465,49.9393730163574,50.7032051086426,51.1345405578613,50.1494827270508,47.3224678039551
"Oman",38.6637725830078,40.7521438598633,42.5788383483887,42.1102333068848,40.9863204956055,41.5159111022949,42.5498504638672,44.8356552124023,46.8320541381836,50.6721382141113,53.7694473266602,56.352165222168,55.7283554077148,60.9287796020508,63.5934677124023,65.3436889648438,68.400260925293,71.79248046875,72.0411605834961,73.3115234375,73.6780776977539
"Qatar",32.6902351379395,34.8833236694336,36.2431411743164,38.8461799621582,40.2912406921387,48.034782409668,51.6339111328125,65.1466293334961,76.8636779785156,90.4405364990234,101.254119873047,121.092163085938,137.288452148438,143.723526000977,150.062118530273,156.032913208008,161.739837646484,165.18701171875,167.796722412109,170.302505493164,169.990280151367
"Syria",22.7802753448486,22.9623336791992,24.1431541442871,25.590612411499,25.9047031402588,27.7189788818359,29.4485397338867,30.9430809020996,32.7075958251953,34.1658325195312,36.2001647949219,38.070873260498,39.2208938598633,28.8214931488037,21.3083972930908,18.0844459533691,16.9459609985352,16.2192344665527,15.8162202835083,16.1677875518799,19.1334114074707
"United Arab Emirates",171.787109375,190.4306640625,193.094940185547,197.793823242188,215.200744628906,235.787796020508,247.235610961914,271.556976318359,280.204406738281,289.148071289062,273.98828125,278.379791259766,297.672241210938,311.021759033203,326.73876953125,340.737213134766,358.135070800781,369.097442626953,377.858123779297,382.354095458984,388.768920898438
"Yemen",34.0470542907715,36.1518173217773,37.5269012451172,39.0036735534668,40.4652976989746,42.0728607177734,44.4254722595215,45.8339385986328,47.364070892334,49.0917091369629,50.9897079467773,54.9170913696289,47.9344825744629,49.0814971923828,51.448902130127,51.3518753051758,36.976203918457,33.5096626281738,31.8100490570068,32.0494499206543,19.4205570220947
"Africa",1116.89473047853,1160.50885134935,1206.60158975422,1271.40322935581,1330.4177146703,1408.54797334969,1492.24290943146,1581.67891573906,1682.03273560107,1773.04325136542,1834.0138259232,1931.22936958075,1976.00619295239,2082.90772089362,2169.43076464534,2254.26065143943,2326.92169079185,2370.86329880357,2446.44689321518,2522.7066001296,2593.8289052546
"North Africa",373.04317855835,390.839399337769,404.279596328735,416.087266921997,438.94490814209,458.325422286987,482.453695297241,508.888633728027,537.31897354126,565.311717987061,583.798664093018,609.985599517822,588.69412612915,630.084644317627,639.82986831665,648.821378707886,670.87286567688,691.440093994141,720.57067489624,751.780990600586,778.359729766846
"Egypt",170.631408691406,181.500610351562,187.917129516602,192.408737182617,198.553207397461,206.678161621094,215.920272827148,230.697509765625,247.048965454102,264.728485107422,277.100830078125,291.363861083984,296.505187988281,303.105987548828,309.730255126953,318.76171875,332.698028564453,347.159240722656,361.674743652344,380.894561767578,402.0634765625
"Morocco",50.3652725219727,51.3286933898926,55.0859413146973,56.805419921875,60.1916809082031,63.0790901184082,65.1554260253906,70.090705871582,72.5660247802734,76.8643188476562,80.1262512207031,83.1836395263672,87.5472030639648,90.1823348999023,94.2724914550781,96.7890853881836,101.179809570312,102.252166748047,106.582389831543,109.769432067871,112.294136047363
"Other North Africa",152.046497344971,158.010095596313,161.276525497437,166.873109817505,180.200019836426,188.568170547485,201.377996444702,208.10041809082,217.703983306885,223.718914031982,226.571582794189,235.438098907471,204.641735076904,236.796321868896,235.827121734619,233.270574569702,236.995027542114,242.028686523438,252.313541412354,261.116996765137,264.002117156982
"Algeria",93.0423431396484,96.5779495239258,99.4752883911133,105.045913696289,112.60920715332,117.45140838623,124.381042480469,126.49552154541,130.796371459961,133.935470581055,136.07844543457,140.977279663086,145.065612792969,149.997848510742,154.197784423828,160.05729675293,165.979415893555,171.290756225586,173.517532348633,175.94677734375,177.354354858398
"Libya",34.0584335327148,35.3115158081055,34.6890182495117,34.3564033508301,38.8282279968262,40.560604095459,45.3754425048828,48.3250923156738,51.3948593139648,52.765739440918,52.3488159179688,54.9774017333984,20.8496742248535,46.523868560791,40.1966247558594,30.5494327545166,27.8421306610107,27.0638122558594,34.2846832275391,39.4729156494141,40.4739303588867
"Tunisia",24.9457206726074,26.1206302642822,27.1122188568115,27.4707927703857,28.7625846862793,30.5561580657959,31.6215114593506,33.2798042297363,35.512752532959,37.0177040100098,38.1443214416504,39.4834175109863,38.726448059082,40.2746047973633,41.4327125549316,42.6638450622559,43.1734809875488,43.6741180419922,44.5113258361816,45.6973037719727,46.1738319396973
"Sub-Saharan Africa",743.851551920176,769.669452011585,802.321993425488,855.315962433815,891.472806528211,950.222551062703,1009.78921413422,1072.79028201103,1144.71376205981,1207.73153337836,1250.21516183019,1321.24377006292,1387.31206682324,1452.82307657599,1529.60089632869,1605.43927273154,1656.04882511497,1679.42320480943,1725.87621831894,1770.92560952902,1815.46917548776
"Nigeria",171.633666992188,180.242691040039,190.908874511719,220.173599243164,236.350189208984,258.213897705078,274.839050292969,291.492736816406,310.705383300781,331.722961425781,358.38330078125,387.07421875,407.619812011719,424.862396240234,453.206390380859,481.802459716797,494.583190917969,486.586395263672,490.507751464844,499.938995361328,510.979827880859
"South Africa",194.452835083008,202.619857788086,208.090576171875,215.790725708008,222.154571533203,232.272705078125,244.529876708984,258.232849121094,272.075347900391,280.757415771484,276.439086914062,284.842102050781,294.196807861328,300.708404541016,308.181610107422,313.873687744141,317.620513916016,318.888122558594,323.398803710938,325.944152832031,326.441497802734
"Other West African Community",93.1234673261642,95.6899958252907,99.154413819313,101.556657671928,104.286300361156,107.771292924881,112.246746361256,116.575071811676,121.197739005089,127.730391979218,131.956271469593,138.610017299652,144.630354106426,155.727304160595,166.214819610119,175.299454808235,182.517237067223,192.556793451309,206.023094415665,218.783092498779,232.01587831974
"Benin",5.87520217895508,6.21935367584229,6.55104064941406,6.85520792007446,7.09127187728882,7.40539264678955,7.53225946426392,7.82931232452393,8.29800224304199,8.70431995391846,8.90619945526123,9.09448146820068,9.36402034759521,9.81454372406006,10.5203495025635,11.1892004013062,11.3881607055664,11.7684879302979,12.4359455108643,13.2688121795654,14.1798067092896
"Burkina Faso",5.01357316970825,5.10825347900391,5.44608306884766,5.68314933776855,6.12657594680786,6.40095233917236,6.95539426803589,7.39032649993896,7.69417142868042,8.14043235778809,8.38154792785645,9.0894775390625,9.69143390655518,10.3167896270752,10.914400100708,11.3866500854492,11.8321590423584,12.5372009277344,13.3091297149658,14.2167615890503,15.0254964828491
"Cabo Verde",0.739609181880951,0.845261454582214,0.864124715328217,0.909498989582062,0.947481989860535,1.04409742355347,1.1162703037262,1.20539045333862,1.38825654983521,1.48058271408081,1.46177303791046,1.48321425914764,1.54208123683929,1.55876541137695,1.57127916812897,1.58088290691376,1.59680032730103,1.6719423532486,1.73383843898773,1.81240141391754,1.91512370109558
"Cte dIvoire",30.7174739837646,30.0821151733398,30.1186256408691,29.6163558959961,29.2137107849121,29.5735569000244,30.0825901031494,30.538595199585,31.0776119232178,31.8678665161133,32.9040374755859,33.5679206848145,32.0952110290527,35.5314865112305,38.6900291442871,42.0924606323242,45.8146362304688,49.1037673950195,52.7176246643066,56.2989921569824,60.1567878723145
"Gambia",0.894721388816833,0.943931043148041,0.998678982257843,0.966221988201141,1.03260147571564,1.10539984703064,1.07940375804901,1.07340681552887,1.10607326030731,1.17526817321777,1.25360834598541,1.32767570018768,1.21972978115082,1.28366279602051,1.3205394744873,1.30195438861847,1.35478866100311,1.38111710548401,1.44772303104401,1.54250586032867,1.63467371463776
"Ghana",18.9985179901123,19.7014636993408,20.48952293396,21.4115505218506,22.5249519348145,23.7863483428955,25.1897449493408,26.8018665313721,27.9668941497803,30.5258102416992,32.0046310424805,34.532901763916,39.3837814331055,43.0436325073242,46.1912078857422,47.5295715332031,48.5648651123047,50.2392807006836,54.3304862976074,57.733470916748,61.4736709594727
"Guinea",5.05005359649658,5.17645978927612,5.36583280563354,5.64295673370361,5.71341514587402,5.8471155166626,6.02236986160278,6.0934419631958,6.50946998596191,6.77850723266602,6.70240831375122,7.02502012252808,7.41927194595337,7.8581428527832,8.16820049285889,8.47014141082764,8.79420280456543,9.74559307098389,10.7531042098999,11.4177694320679,12.0545339584351
"Guinea-Bissau",0.657760858535767,0.6934574842453,0.70863664150238,0.701655268669128,0.705644309520721,0.725129961967468,0.756064713001251,0.77352499961853,0.798764705657959,0.824353694915771,0.852125942707062,0.891417264938354,0.96348637342453,0.946984946727753,0.977817833423615,0.987249493598938,1.0478081703186,1.11343038082123,1.17933630943298,1.22415113449097,1.28046321868896
"Liberia",0.773919284343719,2.17526030540466,2.23878383636475,2.32302975654602,1.62274932861328,1.66526281833649,1.75320899486542,1.89423549175262,2.07485604286194,2.22311878204346,2.34095597267151,2.48375058174133,2.68743705749512,2.90226554870605,3.1548798084259,3.17700004577637,3.17700004577637,3.12618112564087,3.20335483551025,3.24251770973206,3.16864514350891
"Mali",6.26021766662598,6.25640916824341,7.2184100151062,7.44263601303101,8.12133312225342,8.24802589416504,8.78701591491699,9.19668292999268,9.51798057556152,9.97228717803955,10.4515867233276,11.0069780349731,11.3606462478638,11.2656002044678,11.5251331329346,12.343581199646,13.1048698425293,13.8602428436279,14.6112642288208,15.2907743453979,16.061429977417
"Niger",4.57735443115234,4.52910232543945,4.85173225402832,5.08235645294189,5.20875358581543,5.22726917266846,5.60011911392212,5.92645215988159,6.11033916473389,6.58537817001343,6.70775413513184,7.27296257019043,7.44494962692261,8.23410797119141,8.69239616394043,9.26300144195557,9.66758918762207,10.2175350189209,10.7282009124756,11.4796648025513,12.1487665176392
"Senegal",9.32356643676758,9.621826171875,10.0625944137573,10.1284837722778,10.8053941726685,11.4397535324097,12.0829668045044,12.3803968429565,12.9918012619019,13.5187969207764,13.801682472229,14.2934017181396,14.5018539428711,15.2439708709717,15.6741724014282,16.7107849121094,17.7747669219971,18.9045429229736,20.3048934936523,21.6002559661865,22.7388477325439
"Sierra Leone",1.73254859447479,1.84781038761139,1.73055839538574,2.18772554397583,2.39147090911865,2.54925894737244,2.66410565376282,2.77663493156433,3.00038027763367,3.16234946250916,3.26316666603088,3.43763089179993,3.65471863746643,4.20956945419312,5.08161401748657,5.31317186355591,4.2187237739563,4.47418785095215,4.66260385513306,4.82328462600708,5.08921480178833
"Togo",2.50894856452942,2.48929166793823,2.50978946685791,2.60582947731018,2.78094577789307,2.75372958183289,2.62523245811462,2.69480466842651,2.66313743591309,2.77132058143616,2.92479395866394,3.10318470001221,3.30173254013062,3.51778173446655,3.73280048370361,3.95380449295044,4.18086624145508,4.41328382492065,4.60558891296387,4.83173036575317,5.08841753005981
"Other Sub-Saharan Africa",284.641582518816,291.11690735817,304.168128922582,317.794979810715,328.681745424867,351.964655354619,378.173540771008,406.489624261856,440.735291853547,467.52076420188,483.436502665281,510.71743196249,540.865092843771,571.52497163415,601.998076230288,634.46367046237,661.327883213758,681.391893535852,705.946568727493,726.25936883688,746.031971484423
"Angola",38.8329582214355,40.019157409668,41.7023658752441,47.4012794494629,48.8185081481934,54.1655311584473,62.3060188293457,69.5009231567383,79.2380142211914,88.0858383178711,88.8422470092773,93.1592712402344,96.3937377929688,104.627830505371,109.811714172363,115.107521057129,116.193649291992,113.195739746094,113.029106140137,110.76448059082,109.801498413086
"Botswana",7.49912405014038,7.64818429946899,7.66734886169434,8.13272094726562,8.50893115997314,8.73916816711426,9.1373815536499,9.90161991119385,10.7211532592773,11.390736579895,10.519082069397,11.4198970794678,12.1106090545654,12.6502771377563,14.0852527618408,14.6696901321411,14.4206037521362,15.0412302017212,15.4780282974243,16.1712608337402,16.6509227752686
"Burundi",1.97256505489349,1.95566284656525,1.99586760997772,2.08461427688599,2.05910420417786,2.15863418579102,2.17806196212769,2.29597806930542,2.37523412704468,2.49071097373962,2.58567571640015,2.71816992759705,2.82778286933899,2.95352625846863,3.09896349906921,3.23037981987,3.10439491271973,3.08576774597168,3.10119700431824,3.1511242389679,3.20918273925781
"Cameroon",15.8159303665161,16.3779296875,17.0933322906494,17.8176116943359,18.6313762664795,19.8947620391846,20.2967681884766,20.9985637664795,22.0279541015625,22.7964649200439,23.2976837158203,24.0950489044189,25.0900020599365,26.2299060821533,27.647439956665,29.2742309570312,30.928653717041,32.3663673400879,33.5150756835938,34.876594543457,36.277660369873
"Central African Republic",1.71863460540771,1.67585039138794,1.75067257881165,1.8139865398407,1.71607685089111,1.8189537525177,1.83547353744507,1.92304563522339,2.01165056228638,2.05297255516052,2.22926664352417,2.33249998092651,2.43033933639526,2.55316305160522,1.62401652336121,1.625333070755,1.69582569599152,1.77638268470764,1.856804728508,1.92716729640961,1.98440933227539
"Chad",3.16092252731323,3.13311648368835,3.49837946891785,3.79543399810791,4.35418510437012,5.8184700012207,6.82695865631104,6.87121486663818,7.09600687026978,7.31262636184692,7.6210503578186,8.65371036529541,8.66088199615479,9.43019199371338,9.96771240234375,10.6554832458496,10.9503917694092,10.2653875350952,9.95858573913574,10.1950073242188,10.5260572433472
"Democratic Republic of Congo",17.7551002502441,16.5280590057373,16.1809406280518,16.6579170227051,17.5870666503906,18.7721481323242,19.923849105835,20.9839916229248,22.2974796295166,23.685697555542,24.3619403839111,26.0935821533203,27.8874282836914,29.8637828826904,32.3968124389648,35.4648857116699,37.9177055358887,38.8274955749512,40.2745742797852,42.6190071105957,44.4876518249512
"Djibouti",0.798567533493042,0.804264008998871,0.81868439912796,0.84516316652298,0.872093677520752,0.898256480693817,0.927000641822815,1.04472970962524,1.09696626663208,1.15181457996368,1.31192624568939,1.46596693992615,1.65392136573792,1.87133061885834,2.12135934829712,2.27115988731384,2.44547319412231,2.61466526985168,2.7474091053009,2.90260696411133,3.06225037574768
"Equatorial Guinea",2.28395438194275,2.69994878768921,4.41117286682129,5.26971244812012,6.00511407852173,8.28698062896729,9.67494201660156,10.420389175415,12.0128440856934,14.1510238647461,14.341121673584,13.0612955093384,13.9134035110474,15.0700073242188,14.4471340179443,14.5070991516113,13.1854972839355,12.0230083465576,11.3416042327881,10.6206932067871,10.0284509658813
"Eritrea",3.70060515403748,3.70751905441284,3.24946928024292,3.53397440910339,3.64018559455872,3.5435197353363,3.59496235847473,3.56011939048767,3.61091589927673,3.25765895843506,3.38394212722778,3.45819234848022,3.75828695297241,4.02237796783447,4.20940160751343,4.33013105392456,4.44212770462036,4.5243239402771,4.75109720230103,4.95026874542236,5.10372734069824
"Ethiopia",16.3590545654297,17.3525772094727,18.7930679321289,19.077730178833,18.6653919219971,21.1987705230713,23.7042045593262,26.2724914550781,29.2823104858398,32.4414367675781,35.2971153259277,39.7270927429199,44.1679039001465,47.9874610900879,53.0656242370605,58.5088272094727,64.5893325805664,70.6823577880859,77.4425506591797,82.7211532592773,89.5715942382812
"Gabon",9.87532138824463,9.68937206268311,9.89626216888428,9.87161731719971,10.0934658050537,10.163064956665,10.4350490570068,10.1421804428101,10.7515344619751,10.3958263397217,10.4093761444092,11.1473894119263,11.9379348754883,12.5648040771484,13.2732963562012,13.8460340499878,14.3831081390381,14.6839227676392,14.7543697357178,14.8776874542236,15.3826522827148
"Kenya",31.8494682312012,32.040470123291,33.2515678405762,33.433406829834,34.4138336181641,36.1704177856445,38.306884765625,40.7862968444824,43.5804557800293,43.6816825866699,45.1262092590332,48.9193878173828,51.9075126647949,54.2761611938477,57.4668807983398,60.5454559326172,64.0077514648438,67.7707366943359,71.027587890625,75.5154266357422,79.5674057006836
"Lesotho",1.33878815174103,1.39067339897156,1.44020354747772,1.45062816143036,1.51677358150482,1.54244315624237,1.59590601921082,1.66341435909271,1.74380660057068,1.86133098602295,1.90142977237701,1.91711330413818,2.01977777481079,2.15598392486572,2.24625301361084,2.31103420257568,2.37228012084961,2.49201107025146,2.4590744972229,2.44794297218323,2.48505401611328
"Madagascar",7.36078453063965,7.68884420394897,8.14865589141846,7.13757276535034,7.83597612380981,8.2479133605957,8.64017200469971,9.10661315917969,9.6266508102417,10.2728538513184,9.86412620544434,9.92520809173584,10.0818710327148,10.3854503631592,10.6243562698364,10.9791250228882,11.3230237960815,11.7751684188843,12.2383232116699,12.7969770431519,13.4112300872803
"Malawi",3.23064947128296,3.28156709671021,3.11831021308899,3.17132163047791,3.35226559638977,3.53397512435913,3.64949107170105,3.82101726531982,4.18783473968506,4.50777435302734,4.88318729400635,5.2188606262207,5.47218656539917,5.5753812789917,5.86530113220215,6.19962310791016,6.37321281433105,6.53152561187744,6.7927885055542,7.0081205368042,7.31432247161865
"Mauritania",3.54864430427551,3.40960764884949,3.38234782218933,3.42907452583313,3.66665005683899,3.84018397331238,4.16914510726929,4.93348264694214,4.83632135391235,4.82030963897705,4.82502746582031,4.95145416259766,5.15806770324707,5.38863372802734,5.61230611801147,5.85222196578979,6.16685771942139,6.24461650848389,6.4630012512207,6.59971141815186,6.99110794067383
"Mauritius",6.07020139694214,6.56812763214111,6.78799867630005,6.89761924743652,7.30633354187012,7.62269926071167,7.75819635391235,8.13567447662354,8.60160636901855,9.06497097015381,9.36548233032227,9.77542781829834,10.1740255355835,10.5297212600708,10.883563041687,11.2911062240601,11.6922874450684,12.1410293579102,12.6041069030762,13.0780115127563,13.5423822402954
"Mozambique",5.15728807449341,5.21858358383179,5.8494930267334,6.39293909072876,6.83574295043945,7.37780046463013,7.86752891540527,8.63084506988525,9.29814529418945,9.97590065002441,10.6057586669922,11.2938756942749,12.1300373077393,13.0104885101318,13.9164876937866,14.9461011886597,15.9509687423706,16.5609683990479,17.1805667877197,17.7695465087891,18.1647186279297
"Namibia",5.39209079742432,5.58039283752441,5.64612722396851,5.91650056838989,6.16734790802002,6.92405414581299,7.09918165206909,7.60131931304932,8.00981712341309,8.22206211090088,8.24639701843262,8.74441719055176,9.18962574005127,9.65477561950684,10.1968641281128,10.7839775085449,11.2721433639526,11.2405014038086,11.2116956710815,11.2899951934814,11.1619548797607
"Republic of Congo",4.15123462677002,4.46573114395142,4.63554525375366,4.84793996810913,4.88736629486084,5.05728244781494,5.44951295852661,5.7893443107605,5.69774436950684,6.01523590087891,6.46450996398926,7.03025817871094,7.27074003219604,7.54702615737915,7.80669641494751,8.3359842300415,8.55659484863281,8.31700897216797,8.1672191619873,8.29789447784424,8.2232141494751
"Rwanda",2.53793740272522,2.75038456916809,2.98374247550964,3.37736105918884,3.45174288749695,3.70881795883179,4.05662727355957,4.4309344291687,4.76916170120239,5.30145978927612,5.6327075958252,6.04584789276123,6.5269980430603,7.09103107452393,7.42571783065796,7.88345956802368,8.5825891494751,9.09597969055176,9.45861625671387,10.2691869735718,11.2352027893066
"So Tom and Principe",0.157006591558456,0.157710552215576,0.157805755734444,0.161556601524353,0.172176495194435,0.178774669766426,0.19145655632019,0.208909034729004,0.215706124901772,0.233364194631577,0.23902627825737,0.254974067211151,0.266188353300095,0.274551898241043,0.287771016359329,0.306619852781296,0.318266481161118,0.331545740365982,0.344380497932434,0.353533089160919,0.362017899751663
"Seychelles",0.87486857175827,0.888117015361786,0.867946445941925,0.878473222255707,0.826756358146667,0.803190052509308,0.875523388385773,0.957876324653625,1.05770075321198,1.0349930524826,1.0235538482666,1.08450603485107,1.17004406452179,1.18479633331299,1.25609827041626,1.31268286705017,1.3774950504303,1.44034504890442,1.50337433815002,1.5598042011261,1.63324165344238
"Sudan",32.7093887329102,34.785083770752,37.0462379455566,39.427303314209,42.4768409729004,44.126350402832,47.4312973022461,52.2049293518066,58.2199325561523,62.7622299194336,64.7968902587891,64.5809936523438,67.0336227416992,66.0684509277344,68.9719619750977,70.8200149536133,74.2944717407227,77.7863006591797,81.1179504394531,79.2353439331055,77.2104797363281
"Swaziland",2.5142228603363,2.48945808410645,2.51571607589722,2.6259069442749,2.72779774665833,2.82665061950684,2.99618792533875,3.17577171325684,3.31663799285889,3.34382271766663,3.39623546600342,3.52506422996521,3.60423970222473,3.79854869842529,3.94528436660767,3.98132467269897,4.07338190078735,4.12507438659668,4.20858478546143,4.30754137039185,4.35600090026855
"Tanzania",17.6737194061279,18.4727096557617,19.5941524505615,20.9840049743652,22.3842220306396,24.063892364502,25.8629856109619,27.5524139404297,29.417308807373,31.0900993347168,32.728271484375,34.8021049499512,37.4721755981445,39.1584815979004,41.8140487670898,44.6291618347168,47.3785972595215,50.6321411132812,54.0678787231445,57.0118560791016,60.3136215209961
"Uganda",11.7525310516357,12.1217851638794,12.7501373291016,13.8635663986206,14.7609920501709,15.7658061981201,16.7641868591309,18.5721626281738,20.1345310211182,21.8879947662354,23.3767127990723,24.69460105896,27.0138320922852,28.0504760742188,29.056619644165,30.5403423309326,32.1247291564941,33.6606140136719,34.9726181030273,37.1252136230469,39.5410766601562
"Zambia",7.75388336181641,8.056077003479,8.48440837860107,8.8667163848877,9.48250865936279,10.1493558883667,10.8837213516235,11.7439374923706,12.7248430252075,13.7140598297119,14.9785432815552,16.5210666656494,17.4403991699219,18.7654495239258,19.7145099639893,20.6406440734863,21.2433471679688,22.0456619262695,22.8182125091553,23.7388858795166,24.1438217163086
"Zimbabwe",20.7961368560791,20.1599426269531,20.4501686096191,18.631326675415,15.464919090271,14.5667877197266,13.7348651885986,13.2594347000122,12.7750234603882,10.5178117752075,11.7820062637329,14.1001539230347,16.1015167236328,18.7849044799805,19.1586284637451,19.6140155792236,19.9631214141846,20.1140155792236,21.0601863861084,22.0773258209229,20.2890605926514
